Taj Mahal,27.1751,78.0421
Yaki Point,36.0586,-112.0829
Bethlehem,31.7054,35.2024
Machu Picchu,-13.1631,-72.545
The Great Pyramid of Giza,29.9792,31.1342
Great Wall of China,40.4319,116.5704
Ephesus,37.9411,27.3419
Old Bagan,21.1717,94.8585
Capillas de Mermol,-46.6459,-72.6296
Angkor Wat,13.4125,103.867
Great Blue Hole,17.316,-87.5351
Petra,30.3285,35.4444
Fernando de Noronha,-3.8426,-32.4106
Samarkand,39.627,66.975
Glowworm Caves,-38.2607,175.1036
Niagara falls,43.0896,-79.0849
Stonehenge,51.1789,-1.8262
Salar de Uyuni,-20.1338,-67.4891
Kathmandu,27.7172,85.324
Santorini,36.3932,25.4615
Venice,45.4408,12.3155
Island of Skye,57.2736,-6.2155
Zalesye,48.0975,39.3867
Boracay,11.9674,121.9248
Lhasa,29.6548,91.1406
Borobudur Temple,-7.6079,110.2038
Las Lajas Sanctuary,0.8055,-77.5859
Kaieteur Falls,5.1765,-59.4808
Sidi Bou Said,36.8698,10.3414
Serengeti National Park,-2.3333,34.8333
Isfahan,32.6539,51.666
Ice Hotel Balea,45.6054,24.6184
Paro Taktsang Monastery,27.492,89.3634
Kyoto,35.0116,135.7681
Krakau,50.0647,19.945
Sheikh Zayed Mosque,24.4128,54.475
Victoria Falls,-17.9243,25.8572
Luang Prabang,19.8833,102.1387
Lourdes,43.0915,-0.0457
Aran Islands,53.0972,-9.6563
Cliffs of Moher,52.9715,-9.4309
Meknes,33.873,-5.5407
Schloss Neuschwanstein,47.5576,10.7498
Vaadhoo Island,5.857,72.9926
Hang Son Doong,17.5469,106.144
Tikal,17.222,-89.6237
Batu Caves,3.2379,101.684
Tsingy de Bemaraha,-18.4369,44.7381
Sultan Qaboos Grand Mosque,23.5838,58.3887
Frenchmans Cove,47.2155,-55.4059